Keyword,Analyzed Pages,Avg Word Count,Median Word Count,FAQ Schema % (competitors),LocalBusiness Schema %,Service Schema %,Breadcrumb Schema %,Missing Schema Opportunities,H1 Exact Match (n/10),H1 Partial Match (n/10),Avg H2 Count,Top H2 Topics,Top Recommendation,Run Timestamp
New garage door installation,10,1642,1467,0,0,0,0,FAQPage(0%); LocalBusiness(0%); Service(0%); BreadcrumbList(0%),0/10,4/10,6,garage | costs | installation | average | factors,Add FAQPage schema — 0% competitors have it,2026-03-25T00:11:22.246Z
Garage door replacement,9,1394,1273,0,0,0,0,FAQPage(0%); LocalBusiness(0%); Service(0%); BreadcrumbList(0%),1/9,5/9,4,garage | replacement | repair | service | average,Add FAQPage schema — 0% competitors have it,2026-03-25T00:11:32.747Z
Custom garage doors,8,1213,998,0,0,0,0,FAQPage(0%); LocalBusiness(0%); Service(0%); BreadcrumbList(0%),2/8,1/8,5,garage | doors | shutters | custom | materials,Add FAQPage schema — 0% competitors have it,2026-03-25T00:29:00.374Z
Automatic garage doors,7,2655,2641,0,0,0,0,FAQPage(0%); LocalBusiness(0%); Service(0%); BreadcrumbList(0%),0/7,1/7,8,garage | repair | service | automatic | irvington,Add FAQPage schema — 0% competitors have it,2026-03-25T00:29:14.740Z
Sectional & roll-up garage doors,9,1188,1208,0,0,0,0,FAQPage(0%); LocalBusiness(0%); Service(0%); BreadcrumbList(0%),0/9,4/9,7,doors | sectional | steel | maintenance | garage,Add FAQPage schema — 0% competitors have it,2026-03-25T00:29:28.206Z
Insulated garage doors,10,1247,1122,0,0,0,0,FAQPage(0%); LocalBusiness(0%); Service(0%); BreadcrumbList(0%),2/10,4/10,5,garage | insulation | insulated | doors | benefits,Add FAQPage schema — 0% competitors have it,2026-03-25T00:29:43.706Z
Broken spring replacement,10,2265,1013,0,0,0,0,FAQPage(0%); LocalBusiness(0%); Service(0%); BreadcrumbList(0%),0/10,3/10,6,garage | spring | springs | replacement | costs,Add FAQPage schema — 0% competitors have it,2026-03-25T00:29:57.938Z
Garage Door Repairs,9,2345,916,0,0,0,0,FAQPage(0%); LocalBusiness(0%); Service(0%); BreadcrumbList(0%),0/9,6/9,5,garage | repair | costs | repairs | installation,Add FAQPage schema — 0% competitors have it,2026-03-25T00:30:12.468Z
Garage door opener repair,10,990,916,0,0,0,0,FAQPage(0%); LocalBusiness(0%); Service(0%); BreadcrumbList(0%),2/10,3/10,6,garage | opener | repair | replacement | costs,Add FAQPage schema — 0% competitors have it,2026-03-25T00:30:25.768Z
Cable repair & replacement,6,995,1435,0,0,0,0,FAQPage(0%); LocalBusiness(0%); Service(0%); BreadcrumbList(0%),0/6,0/6,5,cabling | rancho | cucamonga | cable | garage,Add exact keyword to H1,2026-03-25T00:30:40.712Z
Track alignment & repair,7,29437,1168,0,0,0,0,FAQPage(0%); LocalBusiness(0%); Service(0%); BreadcrumbList(0%),0/7,0/7,5,track | alignment | railroad | repair | surveying,Add exact keyword to H1,2026-03-25T00:30:59.401Z
Panel replacement,9,1329,1285,0,0,0,0,FAQPage(0%); LocalBusiness(0%); Service(0%); BreadcrumbList(0%),2/9,0/9,6,electrical | panel | replacement | replace | panel?,Add FAQPage schema — 0% competitors have it,2026-03-25T00:31:13.439Z
Remote control programming,9,9767,1062,0,0,0,0,FAQPage(0%); LocalBusiness(0%); Service(0%); BreadcrumbList(0%),0/9,0/9,1,universal | remote | work? | successful | programming,Add exact keyword to H1,2026-03-25T00:31:28.500Z
Weather seal replacement,6,2509,1888,0,0,0,0,FAQPage(0%); LocalBusiness(0%); Service(0%); BreadcrumbList(0%),0/6,0/6,11,weatherstripping | weather | stripping | weatherstrip | install,Add exact keyword to H1,2026-03-25T00:31:44.337Z
Sensor alignment & repair,10,1002,958,0,0,0,0,FAQPage(0%); LocalBusiness(0%); Service(0%); BreadcrumbList(0%),0/10,0/10,4,sensor | calibration | sensors | calibrating | electronics,Add exact keyword to H1,2026-03-25T00:32:04.581Z
Emergency garage door repair,10,952,963,0,0,0,0,FAQPage(0%); LocalBusiness(0%); Service(0%); BreadcrumbList(0%),1/10,0/10,6,garage | emergency | repair | services | installation,Add FAQPage schema — 0% competitors have it,2026-03-25T00:32:23.333Z
Garage Door Opener Services,10,1991,2259,0,0,0,0,FAQPage(0%); LocalBusiness(0%); Service(0%); BreadcrumbList(0%),0/10,2/10,12,garage | doors | repair | angeles | boise,Add FAQPage schema — 0% competitors have it,2026-03-25T00:32:38.795Z
Opener installation,9,924,748,0,0,0,0,FAQPage(0%); LocalBusiness(0%); Service(0%); BreadcrumbList(0%),1/9,1/9,3,garage | opener | installation | types | openers,Add FAQPage schema — 0% competitors have it,2026-03-25T00:32:57.249Z
Opener replacement,7,1089,1647,0,0,0,0,FAQPage(0%); LocalBusiness(0%); Service(0%); BreadcrumbList(0%),0/7,0/7,3,garage | opener | replacement | costs | installation,Add exact keyword to H1,2026-03-25T00:33:08.520Z
Opener troubleshooting & diagnostics,9,1993,806,0,0,0,0,FAQPage(0%); LocalBusiness(0%); Service(0%); BreadcrumbList(0%),0/9,0/9,4,garage | opener | overhead | services | problems,Add exact keyword to H1,2026-03-25T00:33:23.169Z
Smart garage door opener setup,7,319,16,0,0,0,0,FAQPage(0%); LocalBusiness(0%); Service(0%); BreadcrumbList(0%),0/7,1/7,1,garage | recent | setup | posts | choose,Add FAQPage schema — 0% competitors have it,2026-03-25T00:33:38.327Z
Garage door tune-up,9,1165,916,0,0,0,0,FAQPage(0%); LocalBusiness(0%); Service(0%); BreadcrumbList(0%),1/9,5/9,5,garage | repair | costs | tune-up | average,Add FAQPage schema — 0% competitors have it,2026-03-25T00:33:53.825Z
Lubrication & balancing,8,4842,1302,0,0,0,0,FAQPage(0%); LocalBusiness(0%); Service(0%); BreadcrumbList(0%),0/8,0/8,8,lubrication | systems? | grease | systems | work?,Add exact keyword to H1,2026-03-25T00:34:14.442Z
Safety inspection,9,2455,1307,0,0,0,0,FAQPage(0%); LocalBusiness(0%); Service(0%); BreadcrumbList(0%),5/9,1/9,7,related | vehicle | safety | products | links,Add FAQPage schema — 0% competitors have it,2026-03-25T00:34:28.978Z
Preventative maintenance,10,1941,2084,0,0,0,0,FAQPage(0%); LocalBusiness(0%); Service(0%); BreadcrumbList(0%),1/10,0/10,9,maintenance | preventive | maintenance? | types | strategy,Add FAQPage schema — 0% competitors have it,2026-03-25T00:34:43.718Z
Keypad installation & programming,8,9290,273,0,0,0,0,FAQPage(0%); LocalBusiness(0%); Service(0%); BreadcrumbList(0%),0/8,0/8,1,programming | genie | garage | opener | models),Add exact keyword to H1,2026-03-25T00:34:58.236Z
Garage door insulation upgrades,8,1102,826,0,0,0,0,FAQPage(0%); LocalBusiness(0%); Service(0%); BreadcrumbList(0%),0/8,3/8,6,garage | insulation | insulated | work? | about,Add FAQPage schema — 0% competitors have it,2026-03-25T00:35:16.108Z
Noise reduction solutions,10,1628,1592,0,0,0,0,FAQPage(0%); LocalBusiness(0%); Service(0%); BreadcrumbList(0%),0/10,2/10,7,noise | industrial | control | reduction | solutions,Add FAQPage schema — 0% competitors have it,2026-03-25T00:35:34.634Z
Manual to automatic door conversion,10,773,471,0,0,0,0,FAQPage(0%); LocalBusiness(0%); Service(0%); BreadcrumbList(0%),0/10,6/10,2,automatic | safety | doors | leave | converting,Add FAQPage schema — 0% competitors have it,2026-03-25T00:35:49.633Z
garage door motor replacement near me,10,960,792,0,0,0,0,FAQPage(0%); LocalBusiness(0%); Service(0%); BreadcrumbList(0%),0/10,0/10,9,garage | repair | service | installation | precision,Add exact keyword to H1,2026-03-25T00:36:05.899Z
garage door gear and sprocket repair,8,617,412,0,0,0,0,FAQPage(0%); LocalBusiness(0%); Service(0%); BreadcrumbList(0%),0/8,2/8,4,garage | repair | recent | williamsburg | opener,Add FAQPage schema — 0% competitors have it,2026-03-25T00:36:21.701Z
garage door roller replacement,9,1152,1345,0,0,0,0,FAQPage(0%); LocalBusiness(0%); Service(0%); BreadcrumbList(0%),2/9,5/9,4,garage | rollers | replace | roller | replacement,Add FAQPage schema — 0% competitors have it,2026-03-25T00:36:34.883Z
garage door off track fix,9,577,106,0,0,0,0,FAQPage(0%); LocalBusiness(0%); Service(0%); BreadcrumbList(0%),0/9,3/9,2,garage | track | professional | track? | off-track,Add FAQPage schema — 0% competitors have it,2026-03-25T00:36:48.576Z
garage door drum replacement service,10,1894,1734,0,0,0,0,FAQPage(0%); LocalBusiness(0%); Service(0%); BreadcrumbList(0%),0/10,1/10,8,garage | repair | replacement | cable | services,Add FAQPage schema — 0% competitors have it,2026-03-25T00:37:03.265Z
garage door pulley system repair,9,986,1129,0,0,0,0,FAQPage(0%); LocalBusiness(0%); Service(0%); BreadcrumbList(0%),0/9,3/9,3,"garage | repair | replacement | doors, | since",Add FAQPage schema — 0% competitors have it,2026-03-25T00:37:17.872Z
adjust garage door spring tension,9,1190,171,0,0,0,0,FAQPage(0%); LocalBusiness(0%); Service(0%); BreadcrumbList(0%),0/9,5/9,3,spring | garage | double | adjust | door?,Add FAQPage schema — 0% competitors have it,2026-03-25T00:37:31.367Z
replace garage door bearings,9,1602,1345,0,0,0,0,FAQPage(0%); LocalBusiness(0%); Service(0%); BreadcrumbList(0%),0/9,7/9,7,garage | replacement | spring | rollers | replace,Add FAQPage schema — 0% competitors have it,2026-03-25T00:37:44.467Z
garage door strut installation,10,475,490,0,0,0,0,FAQPage(0%); LocalBusiness(0%); Service(0%); BreadcrumbList(0%),0/10,7/10,2,"garage | doors, | since | right | first",Add FAQPage schema — 0% competitors have it,2026-03-25T00:37:57.586Z
garage door hinge replacement,9,1485,1280,0,0,0,0,FAQPage(0%); LocalBusiness(0%); Service(0%); BreadcrumbList(0%),0/9,8/9,12,"garage | galvanized | hinge, | steel | bracket,",Add FAQPage schema — 0% competitors have it,2026-03-25T00:38:12.822Z
smart garage door system setup,8,1160,225,0,0,0,0,FAQPage(0%); LocalBusiness(0%); Service(0%); BreadcrumbList(0%),0/8,3/8,3,garage | smart | opener | related | install,Add FAQPage schema — 0% competitors have it,2026-03-25T00:38:28.068Z
garage door repair Kirkland WA,9,1379,1169,0,0,0,0,FAQPage(0%); LocalBusiness(0%); Service(0%); BreadcrumbList(0%),0/9,7/9,6,garage | services | repair | openers | installation,Add FAQPage schema — 0% competitors have it,2026-03-25T00:38:43.007Z
garage door repair Bellevue WA,10,890,803,0,0,0,0,FAQPage(0%); LocalBusiness(0%); Service(0%); BreadcrumbList(0%),0/10,9/10,5,"garage | services | bellevue | repair | bellevue,",Add FAQPage schema — 0% competitors have it,2026-03-25T00:39:04.196Z
garage door service Kirkland,10,1326,1215,0,0,0,0,FAQPage(0%); LocalBusiness(0%); Service(0%); BreadcrumbList(0%),0/10,7/10,5,garage | repair | services | kirkland | installation,Add FAQPage schema — 0% competitors have it,2026-03-25T00:39:18.942Z
garage door service Bellevue,10,1232,803,0,0,0,0,FAQPage(0%); LocalBusiness(0%); Service(0%); BreadcrumbList(0%),1/10,8/10,3,garage | services | bellevue | repair | installation,Add FAQPage schema — 0% competitors have it,2026-03-25T00:39:34.502Z
emergency garage door repair Kirkland,10,1540,1294,0,0,0,0,FAQPage(0%); LocalBusiness(0%); Service(0%); BreadcrumbList(0%),0/10,9/10,6,"garage | services | repair | kirkland, | kirkland",Add FAQPage schema — 0% competitors have it,2026-03-25T00:39:47.342Z
emergency garage door repair Bellevue,10,1258,803,0,0,0,0,FAQPage(0%); LocalBusiness(0%); Service(0%); BreadcrumbList(0%),0/10,9/10,5,garage | services | repair | service | installation,Add FAQPage schema — 0% competitors have it,2026-03-25T00:39:59.489Z
same day garage door repair Kirkland,10,1427,1215,0,0,0,0,FAQPage(0%); LocalBusiness(0%); Service(0%); BreadcrumbList(0%),0/10,8/10,7,garage | repair | services | service | request,Add FAQPage schema — 0% competitors have it,2026-03-25T00:40:11.384Z
same day garage door service Bellevue,10,882,803,0,0,0,0,FAQPage(0%); LocalBusiness(0%); Service(0%); BreadcrumbList(0%),0/10,4/10,6,garage | services | service | request | repair,Add FAQPage schema — 0% competitors have it,2026-03-25T00:40:24.614Z
best garage door company in Kirkland,9,1259,1175,0,0,0,0,FAQPage(0%); LocalBusiness(0%); Service(0%); BreadcrumbList(0%),0/9,6/9,7,"garage | repair | services | kirkland, | service",Add FAQPage schema — 0% competitors have it,2026-03-25T00:40:37.966Z
best garage door company Bellevue WA,9,1242,803,0,0,0,0,FAQPage(0%); LocalBusiness(0%); Service(0%); BreadcrumbList(0%),0/9,4/9,5,garage | repair | bellevue | installation | services,Add FAQPage schema — 0% competitors have it,2026-03-25T00:40:52.628Z
affordable garage door repair Kirkland,9,1330,1026,0,0,0,0,FAQPage(0%); LocalBusiness(0%); Service(0%); BreadcrumbList(0%),0/9,6/9,6,garage | services | repair | kirkland | service,Add FAQPage schema — 0% competitors have it,2026-03-25T00:41:11.905Z
licensed garage door technician Bellevue,10,1229,753,0,0,0,0,FAQPage(0%); LocalBusiness(0%); Service(0%); BreadcrumbList(0%),0/10,9/10,6,garage | services | repair | installation | bellevue,Add FAQPage schema — 0% competitors have it,2026-03-25T00:41:26.441Z
24/7 garage door repair Kirkland,10,1029,1193,0,0,0,0,FAQPage(0%); LocalBusiness(0%); Service(0%); BreadcrumbList(0%),0/10,7/10,7,"garage | services | kirkland, | repair | service",Add FAQPage schema — 0% competitors have it,2026-03-25T00:41:42.370Z
top-rated garage door company Bellevue,9,1146,629,0,0,0,0,FAQPage(0%); LocalBusiness(0%); Service(0%); BreadcrumbList(0%),0/9,7/9,4,garage | services | repair | installation | service,Add FAQPage schema — 0% competitors have it,2026-03-25T00:41:55.256Z
garage door installation Kirkland WA,10,1123,1169,0,0,0,0,FAQPage(0%); LocalBusiness(0%); Service(0%); BreadcrumbList(0%),0/10,6/10,4,garage | installation | kirkland | services | replacement,Add FAQPage schema — 0% competitors have it,2026-03-25T00:42:09.763Z
garage door installation Bellevue WA,9,1354,953,0,0,0,0,FAQPage(0%); LocalBusiness(0%); Service(0%); BreadcrumbList(0%),0/9,7/9,6,"garage | bellevue, | services | installation | repair",Add FAQPage schema — 0% competitors have it,2026-03-25T00:42:28.246Z
custom garage doors Bellevue,9,1195,629,0,0,0,0,FAQPage(0%); LocalBusiness(0%); Service(0%); BreadcrumbList(0%),1/9,3/9,6,garage | bellevue | installation | services | species,Add FAQPage schema — 0% competitors have it,2026-03-25T00:42:41.058Z
modern garage door installation Kirkland,9,1125,1215,0,0,0,0,FAQPage(0%); LocalBusiness(0%); Service(0%); BreadcrumbList(0%),0/9,5/9,4,garage | installation | homeowner | professional | kirkland,Add FAQPage schema — 0% competitors have it,2026-03-25T00:42:57.310Z
insulated garage door installation Bellevue,8,1614,1369,0,0,0,0,FAQPage(0%); LocalBusiness(0%); Service(0%); BreadcrumbList(0%),0/8,6/8,4,garage | bellevue | repair | installation | doors,Add FAQPage schema — 0% competitors have it,2026-03-25T00:43:09.954Z
replace garage door Kirkland,10,1493,1215,0,0,0,0,FAQPage(0%); LocalBusiness(0%); Service(0%); BreadcrumbList(0%),0/10,8/10,6,garage | services | repair | installation | kirkland,Add FAQPage schema — 0% competitors have it,2026-03-25T00:43:22.695Z
new garage door Bellevue WA,9,1227,803,0,0,0,0,FAQPage(0%); LocalBusiness(0%); Service(0%); BreadcrumbList(0%),0/9,6/9,4,garage | installation | services | repair | frequently,Add FAQPage schema — 0% competitors have it,2026-03-25T00:43:35.838Z
garage door upgrade Kirkland,10,996,949,0,0,0,0,FAQPage(0%); LocalBusiness(0%); Service(0%); BreadcrumbList(0%),0/10,7/10,4,"garage | kirkland, | services | kirkland | experts",Add FAQPage schema — 0% competitors have it,2026-03-25T00:43:50.680Z
garage door design Bellevue WA,8,1681,1369,0,0,0,0,FAQPage(0%); LocalBusiness(0%); Service(0%); BreadcrumbList(0%),0/8,7/8,5,garage | bellevue | species | repair | service,Add FAQPage schema — 0% competitors have it,2026-03-25T00:44:03.482Z
automatic garage door installers Kirkland,10,866,680,0,0,0,0,FAQPage(0%); LocalBusiness(0%); Service(0%); BreadcrumbList(0%),0/10,6/10,4,garage | installation | choose | services | replacement,Add FAQPage schema — 0% competitors have it,2026-03-25T00:44:17.779Z
garage door opener repair Kirkland,10,1132,680,0,0,0,0,FAQPage(0%); LocalBusiness(0%); Service(0%); BreadcrumbList(0%),0/10,6/10,4,garage | repair | services | kirkland | installation,Add FAQPage schema — 0% competitors have it,2026-03-25T00:44:33.494Z
garage door opener installation Bellevue,8,1020,949,0,0,0,0,FAQPage(0%); LocalBusiness(0%); Service(0%); BreadcrumbList(0%),0/8,8/8,4,"garage | services | installation | bellevue | bellevue,",Add FAQPage schema — 0% competitors have it,2026-03-25T00:44:45.960Z
smart garage opener setup Kirkland WA,10,583,311,0,0,0,0,FAQPage(0%); LocalBusiness(0%); Service(0%); BreadcrumbList(0%),0/10,2/10,4,garage | smart | frequently | professional | installation,Add FAQPage schema — 0% competitors have it,2026-03-25T00:45:00.323Z
Wi-Fi garage opener installation Bellevue,8,1232,1292,0,0,0,0,FAQPage(0%); LocalBusiness(0%); Service(0%); BreadcrumbList(0%),0/8,2/8,6,garage | opener | installation | smart | service,Add FAQPage schema — 0% competitors have it,2026-03-25T00:45:14.121Z
garage door keypad installation Kirkland,10,1031,1193,0,0,0,0,FAQPage(0%); LocalBusiness(0%); Service(0%); BreadcrumbList(0%),0/10,7/10,4,garage | repair | services | installation | kirkland,Add FAQPage schema — 0% competitors have it,2026-03-25T00:45:28.426Z
reprogram garage remote Bellevue,10,393,454,0,0,0,0,FAQPage(0%); LocalBusiness(0%); Service(0%); BreadcrumbList(0%),0/10,0/10,1,garage | remote? | homelink | opener | replace,Add exact keyword to H1,2026-03-25T00:45:43.586Z
install garage opener with camera Kirkland,9,1346,1243,0,0,0,0,FAQPage(0%); LocalBusiness(0%); Service(0%); BreadcrumbList(0%),0/9,0/9,5,garage | repair | remote | services | installation,Add exact keyword to H1,2026-03-25T00:45:58.150Z
garage door tune-up Kirkland,9,1553,1215,0,0,0,0,FAQPage(0%); LocalBusiness(0%); Service(0%); BreadcrumbList(0%),0/9,4/9,9,garage | repair | services | installation | service,Add FAQPage schema — 0% competitors have it,2026-03-25T00:46:13.450Z
garage door inspection Bellevue,9,1056,929,0,0,0,0,FAQPage(0%); LocalBusiness(0%); Service(0%); BreadcrumbList(0%),0/9,6/9,5,garage | services | bellevue | service | repair,Add FAQPage schema — 0% competitors have it,2026-03-25T00:46:26.370Z
garage door maintenance services Kirkland,10,1361,1026,0,0,0,0,FAQPage(0%); LocalBusiness(0%); Service(0%); BreadcrumbList(0%),0/10,6/10,7,"garage | services | kirkland, | service | repair",Add FAQPage schema — 0% competitors have it,2026-03-25T00:46:38.341Z
garage door lubrication Bellevue WA,8,598,803,0,0,0,0,FAQPage(0%); LocalBusiness(0%); Service(0%); BreadcrumbList(0%),0/8,2/8,5,garage | repair | bellevue | service | services,Add FAQPage schema — 0% competitors have it,2026-03-25T00:46:53.174Z
safety inspection garage door Kirkland,10,1917,1788,0,0,0,0,FAQPage(0%); LocalBusiness(0%); Service(0%); BreadcrumbList(0%),0/10,7/10,7,"garage | services | kirkland, | maintenance | kirkland",Add FAQPage schema — 0% competitors have it,2026-03-25T00:47:10.079Z
seasonal garage door maintenance Bellevue,8,1099,1150,0,0,0,0,FAQPage(0%); LocalBusiness(0%); Service(0%); BreadcrumbList(0%),0/8,4/8,8,garage | repair | greenwich | maintenance | seasonal,Add FAQPage schema — 0% competitors have it,2026-03-25T00:47:38.918Z
best garage door brands Kirkland WA,9,1031,998,0,0,0,0,FAQPage(0%); LocalBusiness(0%); Service(0%); BreadcrumbList(0%),0/9,5/9,5,"garage | kirkland, | services | kirkland | trusted",Add FAQPage schema — 0% competitors have it,2026-03-25T00:47:55.271Z
how much is garage door repair Bellevue,9,1208,1016,0,0,0,0,FAQPage(0%); LocalBusiness(0%); Service(0%); BreadcrumbList(0%),0/9,1/9,7,"garage | services | repair | bellevue, | bellevue",Add FAQPage schema — 0% competitors have it,2026-03-25T00:48:10.316Z
find garage door technician in Kirkland,8,1289,1215,0,0,0,0,FAQPage(0%); LocalBusiness(0%); Service(0%); BreadcrumbList(0%),0/8,4/8,4,garage | services | installation | repair | kirkland,Add FAQPage schema — 0% competitors have it,2026-03-25T00:48:22.785Z
garage door won't open Kirkland WA,7,1324,680,0,0,0,0,FAQPage(0%); LocalBusiness(0%); Service(0%); BreadcrumbList(0%),0/7,2/7,5,garage | openers | repair | kirkland | installation,Add FAQPage schema — 0% competitors have it,2026-03-25T00:48:36.830Z
smart garage door upgrade Bellevue,9,1205,1052,0,0,0,0,FAQPage(0%); LocalBusiness(0%); Service(0%); BreadcrumbList(0%),0/9,5/9,5,garage | opener | repair | smart | installation,Add FAQPage schema — 0% competitors have it,2026-03-25T00:48:50.766Z
garage door replacement cost Bellevue WA,9,1299,1107,0,0,0,0,FAQPage(0%); LocalBusiness(0%); Service(0%); BreadcrumbList(0%),0/9,5/9,4,garage | bellevue | installation | services | costs,Add FAQPage schema — 0% competitors have it,2026-03-25T00:49:04.780Z
fix garage door sensor Kirkland WA,9,1566,1294,0,0,0,0,FAQPage(0%); LocalBusiness(0%); Service(0%); BreadcrumbList(0%),0/9,3/9,8,"garage | repair | services | opener | kirkland,",Add FAQPage schema — 0% competitors have it,2026-03-25T00:49:18.036Z
"Garage Door Repair in Kirkland, WA",8,1439,1169,0,0,0,0,FAQPage(0%); LocalBusiness(0%); Service(0%); BreadcrumbList(0%),0/8,6/8,6,garage | services | repair | kirkland | openers,Add FAQPage schema — 0% competitors have it,2026-03-25T00:49:30.905Z
Garage Door Installation in Kirkland,8,1185,998,0,0,0,0,FAQPage(0%); LocalBusiness(0%); Service(0%); BreadcrumbList(0%),0/8,5/8,3,garage | installation | kirkland | replacement | repair,Add FAQPage schema — 0% competitors have it,2026-03-25T00:49:45.348Z
"Garage Door Replacement in Kirkland, WA",9,1199,680,0,0,0,0,FAQPage(0%); LocalBusiness(0%); Service(0%); BreadcrumbList(0%),0/9,3/9,6,garage | services | openers | installation | repair,Add FAQPage schema — 0% competitors have it,2026-03-25T00:49:58.519Z
Garage Door Opener Repair in Kirkland,9,1332,1193,0,0,0,0,FAQPage(0%); LocalBusiness(0%); Service(0%); BreadcrumbList(0%),1/9,3/9,5,garage | services | repair | opener | kirkland,Add FAQPage schema — 0% competitors have it,2026-03-25T00:50:11.282Z
"Garage Door Opener Installation in Kirkland, WA",8,1128,1215,0,0,0,0,FAQPage(0%); LocalBusiness(0%); Service(0%); BreadcrumbList(0%),0/8,3/8,4,garage | installation | kirkland | repair | service,Add FAQPage schema — 0% competitors have it,2026-03-25T00:50:23.660Z
Garage Door Spring Repair and Replacement in Kirkland,9,1223,1066,0,0,0,0,FAQPage(0%); LocalBusiness(0%); Service(0%); BreadcrumbList(0%),0/9,6/9,7,"garage | services | repair | kirkland, | installation",Add FAQPage schema — 0% competitors have it,2026-03-25T00:50:38.002Z
"Emergency Garage Door Service in Kirkland, WA",10,1135,919,0,0,0,0,FAQPage(0%); LocalBusiness(0%); Service(0%); BreadcrumbList(0%),0/10,5/10,7,garage | repair | service | openers | kirkland,Add FAQPage schema — 0% competitors have it,2026-03-25T00:50:49.350Z
Garage Door Maintenance and Tune-Up in Kirkland,7,1079,680,0,0,0,0,FAQPage(0%); LocalBusiness(0%); Service(0%); BreadcrumbList(0%),0/7,3/7,5,garage | repair | openers | doors | maintenance,Add FAQPage schema — 0% competitors have it,2026-03-25T00:51:02.634Z
"Off-Track Garage Door Repair in Kirkland, WA",10,1401,1215,0,0,0,0,FAQPage(0%); LocalBusiness(0%); Service(0%); BreadcrumbList(0%),0/10,3/10,8,"garage | repair | services | off-track | kirkland,",Add FAQPage schema — 0% competitors have it,2026-03-25T00:51:16.267Z
Cable and Roller Repair in Kirkland,8,1129,1175,0,0,0,0,FAQPage(0%); LocalBusiness(0%); Service(0%); BreadcrumbList(0%),0/8,3/8,6,garage | repair | installation | service | kirkland,Add FAQPage schema — 0% competitors have it,2026-03-25T00:51:31.147Z
"Garage Door Cable Replacement in Kirkland, WA",9,1179,974,0,0,0,0,FAQPage(0%); LocalBusiness(0%); Service(0%); BreadcrumbList(0%),0/9,3/9,9,"garage | repair | cable | services | kirkland,",Add FAQPage schema — 0% competitors have it,2026-03-25T00:51:44.656Z
"Garage Door Roller Replacement in Kirkland, WA",9,1237,680,0,0,0,0,FAQPage(0%); LocalBusiness(0%); Service(0%); BreadcrumbList(0%),0/9,2/9,8,garage | repair | services | roller | installation,Add FAQPage schema — 0% competitors have it,2026-03-25T00:51:59.522Z
"Noisy Garage Door Repair in Kirkland, WA",9,1560,1403,0,0,0,0,FAQPage(0%); LocalBusiness(0%); Service(0%); BreadcrumbList(0%),0/9,2/9,6,"garage | repair | services | kirkland | kirkland,",Add FAQPage schema — 0% competitors have it,2026-03-25T00:52:13.874Z
"Garage Door Panel Replacement in Kirkland, WA",9,1196,640,0,0,0,0,FAQPage(0%); LocalBusiness(0%); Service(0%); BreadcrumbList(0%),0/9,4/9,6,garage | services | repair | service | installation,Add FAQPage schema — 0% competitors have it,2026-03-25T00:52:28.960Z
"Garage Door Sensor Repair in Kirkland, WA",9,1536,1294,0,0,0,0,FAQPage(0%); LocalBusiness(0%); Service(0%); BreadcrumbList(0%),0/9,4/9,8,"garage | repair | services | opener | kirkland,",Add FAQPage schema — 0% competitors have it,2026-03-25T00:52:41.784Z
"Garage Door Remote Programming in Kirkland, WA",9,724,640,0,0,0,0,FAQPage(0%); LocalBusiness(0%); Service(0%); BreadcrumbList(0%),0/9,2/9,5,"garage | kirkland, | services | remote | repair",Add FAQPage schema — 0% competitors have it,2026-03-25T00:52:56.964Z
"Smart Garage Door Opener Installation in Kirkland, WA",10,880,680,0,0,0,0,FAQPage(0%); LocalBusiness(0%); Service(0%); BreadcrumbList(0%),0/10,3/10,5,"garage | kirkland, | opener | replacement | choose",Add FAQPage schema — 0% competitors have it,2026-03-25T00:53:08.967Z
"Garage Door Track Repair in Kirkland, WA",9,1456,941,0,0,0,0,FAQPage(0%); LocalBusiness(0%); Service(0%); BreadcrumbList(0%),1/9,1/9,9,"garage | repair | services | service | kirkland,",Add FAQPage schema — 0% competitors have it,2026-03-25T00:53:20.721Z
"Garage Door Balance Adjustment in Kirkland, WA",8,1435,1294,0,0,0,0,FAQPage(0%); LocalBusiness(0%); Service(0%); BreadcrumbList(0%),0/8,1/8,5,garage | services | repair | kirkland | installation,Add FAQPage schema — 0% competitors have it,2026-03-25T00:53:34.798Z
"Garage Door Safety Inspection in Kirkland, WA",10,1402,1294,0,0,0,0,FAQPage(0%); LocalBusiness(0%); Service(0%); BreadcrumbList(0%),0/10,4/10,7,"garage | services | kirkland, | repair | service",Add FAQPage schema — 0% competitors have it,2026-03-25T00:53:49.680Z
"Residential Garage Door Service in Kirkland, WA",9,1310,998,0,0,0,0,FAQPage(0%); LocalBusiness(0%); Service(0%); BreadcrumbList(0%),0/9,2/9,6,garage | kirkland | services | openers | installation,Add FAQPage schema — 0% competitors have it,2026-03-25T00:54:02.763Z
"Commercial Garage Door Repair in Kirkland, WA",9,1377,1169,0,0,0,0,FAQPage(0%); LocalBusiness(0%); Service(0%); BreadcrumbList(0%),0/9,5/9,7,"garage | kirkland, | services | kirkland | service",Add FAQPage schema — 0% competitors have it,2026-03-25T00:54:17.257Z
"Garage Door Repair in Bellevue, WA",10,961,873,0,0,0,0,FAQPage(0%); LocalBusiness(0%); Service(0%); BreadcrumbList(0%),0/10,5/10,4,garage | bellevue | repair | installation | services,Add FAQPage schema — 0% competitors have it,2026-03-25T00:54:31.646Z
"Garage Door Installation in Bellevue, WA",8,914,803,0,0,0,0,FAQPage(0%); LocalBusiness(0%); Service(0%); BreadcrumbList(0%),0/8,3/8,7,garage | services | bellevue | repair | installation,Add FAQPage schema — 0% competitors have it,2026-03-25T00:54:43.245Z
"Garage Door Replacement in Bellevue, WA",10,971,929,0,0,0,0,FAQPage(0%); LocalBusiness(0%); Service(0%); BreadcrumbList(0%),0/10,2/10,4,"garage | services | installation | bellevue, | doors",Add FAQPage schema — 0% competitors have it,2026-03-25T00:54:53.740Z
"Garage Door Opener Repair in Bellevue, WA",9,932,803,0,0,0,0,FAQPage(0%); LocalBusiness(0%); Service(0%); BreadcrumbList(0%),0/9,4/9,6,garage | services | installation | opener | repair,Add FAQPage schema — 0% competitors have it,2026-03-25T00:55:05.724Z
"Garage Door Opener Installation in Bellevue, WA",7,1054,873,0,0,0,0,FAQPage(0%); LocalBusiness(0%); Service(0%); BreadcrumbList(0%),0/7,2/7,4,garage | installation | bellevue | opener | repair,Add FAQPage schema — 0% competitors have it,2026-03-25T00:55:17.270Z
"Garage Door Spring Repair and Replacement in Bellevue, WA",9,790,648,0,0,0,0,FAQPage(0%); LocalBusiness(0%); Service(0%); BreadcrumbList(0%),0/9,2/9,5,garage | bellevue | repair | services | service,Add FAQPage schema — 0% competitors have it,2026-03-25T00:55:31.241Z
"Emergency Garage Door Service in Bellevue, WA",10,921,803,0,0,0,0,FAQPage(0%); LocalBusiness(0%); Service(0%); BreadcrumbList(0%),0/10,6/10,4,garage | services | repair | service | installation,Add FAQPage schema — 0% competitors have it,2026-03-25T00:55:42.659Z
"Garage Door Maintenance and Tune-Up in Bellevue, WA",9,688,547,0,0,0,0,FAQPage(0%); LocalBusiness(0%); Service(0%); BreadcrumbList(0%),0/9,0/9,5,garage | services | bellevue | local | frequently,Add exact keyword to H1,2026-03-25T00:55:55.331Z
"Off-Track Garage Door Repair in Bellevue, WA",9,1036,938,0,0,0,0,FAQPage(0%); LocalBusiness(0%); Service(0%); BreadcrumbList(0%),0/9,3/9,7,garage | repair | bellevue | services | installation,Add FAQPage schema — 0% competitors have it,2026-03-25T00:56:09.904Z
"Cable and Roller Repair in Bellevue, WA",9,786,938,0,0,0,0,FAQPage(0%); LocalBusiness(0%); Service(0%); BreadcrumbList(0%),0/9,2/9,7,repair | garage | cable | bellevue | services,Add FAQPage schema — 0% competitors have it,2026-03-25T00:56:23.939Z
"Garage Door Sensor Repair in Bellevue, WA",9,850,803,0,0,0,0,FAQPage(0%); LocalBusiness(0%); Service(0%); BreadcrumbList(0%),0/9,0/9,4,garage | repair | bellevue | services | installation,Add exact keyword to H1,2026-03-25T00:56:38.602Z
"Smart Garage Door Opener Installation in Bellevue, WA",8,1224,1400,0,0,0,0,FAQPage(0%); LocalBusiness(0%); Service(0%); BreadcrumbList(0%),0/8,2/8,6,garage | repair | installation | opener | service,Add FAQPage schema — 0% competitors have it,2026-03-25T00:56:53.566Z
"Residential Garage Door Service in Bellevue, WA",9,791,693,0,0,0,0,FAQPage(0%); LocalBusiness(0%); Service(0%); BreadcrumbList(0%),0/9,0/9,4,garage | services | bellevue | residential | installation,Add exact keyword to H1,2026-03-25T00:57:07.011Z
"Commercial Garage Door Repair in Bellevue, WA",8,706,598,0,0,0,0,FAQPage(0%); LocalBusiness(0%); Service(0%); BreadcrumbList(0%),0/8,1/8,5,garage | doors | commercial | services | service,Add FAQPage schema — 0% competitors have it,2026-03-25T00:57:20.360Z
"Garage Door Repair in Redmond, WA",10,1013,687,0,0,0,0,FAQPage(0%); LocalBusiness(0%); Service(0%); BreadcrumbList(0%),0/10,3/10,4,garage | repair | installation | redmond | company,Add FAQPage schema — 0% competitors have it,2026-03-25T00:57:38.777Z
"Garage Door Installation in Redmond, WA",10,975,949,0,0,0,0,FAQPage(0%); LocalBusiness(0%); Service(0%); BreadcrumbList(0%),0/10,3/10,4,garage | installation | repair | redmond | doors,Add FAQPage schema — 0% competitors have it,2026-03-25T00:57:52.686Z
"Garage Door Replacement in Redmond, WA",10,1073,949,0,0,0,0,FAQPage(0%); LocalBusiness(0%); Service(0%); BreadcrumbList(0%),0/10,2/10,4,garage | installation | redmond | repair | doors,Add FAQPage schema — 0% competitors have it,2026-03-25T00:58:06.382Z
"Garage Door Opener Repair in Redmond, WA",10,1200,952,0,0,0,0,FAQPage(0%); LocalBusiness(0%); Service(0%); BreadcrumbList(0%),0/10,2/10,4,garage | redmond | installation | repair | services,Add FAQPage schema — 0% competitors have it,2026-03-25T00:58:19.729Z
"Garage Door Opener Installation in Redmond, WA",10,1068,949,0,0,0,0,FAQPage(0%); LocalBusiness(0%); Service(0%); BreadcrumbList(0%),0/10,1/10,4,garage | redmond | repair | installation | doors,Add FAQPage schema — 0% competitors have it,2026-03-25T00:58:33.160Z
"Garage Door Spring Repair and Replacement in Redmond, WA",9,1199,952,0,0,0,0,FAQPage(0%); LocalBusiness(0%); Service(0%); BreadcrumbList(0%),0/9,1/9,5,garage | redmond | repair | installation | contact,Add FAQPage schema — 0% competitors have it,2026-03-25T00:58:45.985Z
"Emergency Garage Door Service in Redmond, WA",10,1320,1205,0,0,0,0,FAQPage(0%); LocalBusiness(0%); Service(0%); BreadcrumbList(0%),0/10,2/10,6,garage | redmond | repair | services | doors,Add FAQPage schema — 0% competitors have it,2026-03-25T00:59:00.333Z
"Garage Door Maintenance and Tune-Up in Redmond, WA",10,1097,952,0,0,0,0,FAQPage(0%); LocalBusiness(0%); Service(0%); BreadcrumbList(0%),0/10,0/10,4,garage | redmond | installation | repair | contact,Add exact keyword to H1,2026-03-25T00:59:12.948Z
"Off-Track Garage Door Repair in Redmond, WA",10,944,794,0,0,0,0,FAQPage(0%); LocalBusiness(0%); Service(0%); BreadcrumbList(0%),0/10,1/10,7,garage | repair | service | services | redmond,Add FAQPage schema — 0% competitors have it,2026-03-25T00:59:26.689Z
"Cable and Roller Repair in Redmond, WA",9,1297,975,0,0,0,0,FAQPage(0%); LocalBusiness(0%); Service(0%); BreadcrumbList(0%),0/9,1/9,8,garage | services | redmond | fiber | contact,Add FAQPage schema — 0% competitors have it,2026-03-25T00:59:41.886Z
"Garage Door Sensor Repair in Redmond, WA",10,992,949,0,0,0,0,FAQPage(0%); LocalBusiness(0%); Service(0%); BreadcrumbList(0%),0/10,0/10,5,garage | redmond | installation | repair | contact,Add exact keyword to H1,2026-03-25T00:59:54.419Z
"Smart Garage Door Opener Installation in Redmond, WA",10,1084,542,0,0,0,0,FAQPage(0%); LocalBusiness(0%); Service(0%); BreadcrumbList(0%),0/10,1/10,7,garage | installation | services | doors | repair,Add FAQPage schema — 0% competitors have it,2026-03-25T01:00:10.809Z
"Residential Garage Door Service in Redmond, WA",10,1074,949,0,0,0,0,FAQPage(0%); LocalBusiness(0%); Service(0%); BreadcrumbList(0%),0/10,1/10,4,garage | redmond | installation | repair | doors,Add FAQPage schema — 0% competitors have it,2026-03-25T01:00:22.732Z
"Commercial Garage Door Repair in Redmond, WA",9,1137,952,0,0,0,0,FAQPage(0%); LocalBusiness(0%); Service(0%); BreadcrumbList(0%),1/9,1/9,5,garage | redmond | repair | installation | services,Add FAQPage schema — 0% competitors have it,2026-03-25T01:00:38.287Z
"Garage Door Repair in Bothell, WA",8,1250,919,0,0,0,0,FAQPage(0%); LocalBusiness(0%); Service(0%); BreadcrumbList(0%),0/8,2/8,5,garage | bothell | repairs | installation | maintenance,Add FAQPage schema — 0% competitors have it,2026-03-25T01:00:53.797Z
"Garage Door Installation in Bothell, WA",8,1390,949,0,0,0,0,FAQPage(0%); LocalBusiness(0%); Service(0%); BreadcrumbList(0%),0/8,1/8,5,garage | bothell | services | repair | installation,Add FAQPage schema — 0% competitors have it,2026-03-25T01:01:08.998Z
"Garage Door Replacement in Bothell, WA",9,1165,612,0,0,0,0,FAQPage(0%); LocalBusiness(0%); Service(0%); BreadcrumbList(0%),0/9,0/9,3,garage | bothell | repair | repairs | installation,Add exact keyword to H1,2026-03-25T01:01:22.368Z
"Garage Door Opener Repair in Bothell, WA",8,1136,612,0,0,0,0,FAQPage(0%); LocalBusiness(0%); Service(0%); BreadcrumbList(0%),0/8,1/8,4,garage | bothell | repairs | repair | installation,Add FAQPage schema — 0% competitors have it,2026-03-25T01:01:35.648Z
"Garage Door Opener Installation in Bothell, WA",8,1310,949,0,0,0,0,FAQPage(0%); LocalBusiness(0%); Service(0%); BreadcrumbList(0%),0/8,0/8,4,garage | bothell | repair | repairs | installation,Add exact keyword to H1,2026-03-25T01:01:47.252Z
"Garage Door Spring Repair and Replacement in Bothell, WA",7,1459,1153,0,0,0,0,FAQPage(0%); LocalBusiness(0%); Service(0%); BreadcrumbList(0%),0/7,2/7,8,garage | services | bothell | repair | repairs,Add FAQPage schema — 0% competitors have it,2026-03-25T01:02:02.098Z
"Emergency Garage Door Service in Bothell, WA",9,1086,653,0,0,0,0,FAQPage(0%); LocalBusiness(0%); Service(0%); BreadcrumbList(0%),0/9,2/9,4,garage | repair | bothell | services | repairs,Add FAQPage schema — 0% competitors have it,2026-03-25T01:02:17.420Z
"Garage Door Maintenance and Tune-Up in Bothell, WA",9,1433,1017,0,0,0,0,FAQPage(0%); LocalBusiness(0%); Service(0%); BreadcrumbList(0%),0/9,1/9,6,garage | bothell | repair | services | repairs,Add FAQPage schema — 0% competitors have it,2026-03-25T01:02:30.822Z
"Off-Track Garage Door Repair in Bothell, WA",9,1572,929,0,0,0,0,FAQPage(0%); LocalBusiness(0%); Service(0%); BreadcrumbList(0%),1/9,1/9,6,garage | repair | off-track | track | bothell,Add FAQPage schema — 0% competitors have it,2026-03-25T01:02:44.443Z
"Cable and Roller Repair in Bothell, WA",10,1109,929,0,0,0,0,FAQPage(0%); LocalBusiness(0%); Service(0%); BreadcrumbList(0%),0/10,1/10,5,garage | repair | bothell | roller | replacement,Add FAQPage schema — 0% competitors have it,2026-03-25T01:02:58.703Z
"Garage Door Sensor Repair in Bothell, WA",9,1061,502,0,0,0,0,FAQPage(0%); LocalBusiness(0%); Service(0%); BreadcrumbList(0%),0/9,0/9,3,garage | bothell | repair | repairs | installation,Add exact keyword to H1,2026-03-25T01:03:14.126Z
"Smart Garage Door Opener Installation in Bothell, WA",8,1084,1091,0,0,0,0,FAQPage(0%); LocalBusiness(0%); Service(0%); BreadcrumbList(0%),0/8,1/8,9,garage | smart | bothell | repair | opener,Add FAQPage schema — 0% competitors have it,2026-03-25T01:03:27.663Z
"Residential Garage Door Service in Bothell, WA",9,1204,612,0,0,0,0,FAQPage(0%); LocalBusiness(0%); Service(0%); BreadcrumbList(0%),0/9,0/9,4,"garage | bothell | repairs | repair | bothell,",Add exact keyword to H1,2026-03-25T01:03:40.061Z
"Commercial Garage Door Repair in Bothell, WA",10,1132,653,0,0,0,0,FAQPage(0%); LocalBusiness(0%); Service(0%); BreadcrumbList(0%),0/10,3/10,4,garage | bothell | services | repair | installation,Add FAQPage schema — 0% competitors have it,2026-03-25T01:03:53.027Z
"Garage Door Repair in Woodinville, WA",8,850,615,0,0,0,0,FAQPage(0%); LocalBusiness(0%); Service(0%); BreadcrumbList(0%),0/8,4/8,4,"garage | woodinville, | (425) | doors | 880-2927",Add FAQPage schema — 0% competitors have it,2026-03-25T01:04:09.416Z
"Garage Door Installation in Woodinville, WA",8,725,495,0,0,0,0,FAQPage(0%); LocalBusiness(0%); Service(0%); BreadcrumbList(0%),0/8,1/8,2,garage | doors | (425) | 880-2927 | openers,Add FAQPage schema — 0% competitors have it,2026-03-25T01:04:21.765Z
"Garage Door Replacement in Woodinville, WA",8,850,680,0,0,0,0,FAQPage(0%); LocalBusiness(0%); Service(0%); BreadcrumbList(0%),0/8,1/8,3,garage | doors | (425) | 880-2927 | openers,Add FAQPage schema — 0% competitors have it,2026-03-25T01:04:36.243Z
"Garage Door Opener Repair in Woodinville, WA",8,720,495,0,0,0,0,FAQPage(0%); LocalBusiness(0%); Service(0%); BreadcrumbList(0%),0/8,1/8,3,garage | (425) | 880-2927 | doors | repairs,Add FAQPage schema — 0% competitors have it,2026-03-25T01:04:48.100Z
"Garage Door Opener Installation in Woodinville, WA",9,941,680,0,0,0,0,FAQPage(0%); LocalBusiness(0%); Service(0%); BreadcrumbList(0%),0/9,1/9,5,garage | doors | offer | openers | (425),Add FAQPage schema — 0% competitors have it,2026-03-25T01:05:01.298Z
"Garage Door Spring Repair and Replacement in Woodinville, WA",8,797,604,0,0,0,0,FAQPage(0%); LocalBusiness(0%); Service(0%); BreadcrumbList(0%),0/8,1/8,2,garage | (425) | 880-2927 | springs: | torsion,Add FAQPage schema — 0% competitors have it,2026-03-25T01:05:15.052Z
"Emergency Garage Door Service in Woodinville, WA",10,1005,999,0,0,0,0,FAQPage(0%); LocalBusiness(0%); Service(0%); BreadcrumbList(0%),0/10,1/10,6,garage | repair | woodinville | service | services,Add FAQPage schema — 0% competitors have it,2026-03-25T01:05:32.777Z
"Garage Door Maintenance and Tune-Up in Woodinville, WA",8,942,949,0,0,0,0,FAQPage(0%); LocalBusiness(0%); Service(0%); BreadcrumbList(0%),0/8,0/8,3,"garage | repair | doors | openers | woodinville,",Add exact keyword to H1,2026-03-25T01:05:45.605Z
"Off-Track Garage Door Repair in Woodinville, WA",9,871,615,0,0,0,0,FAQPage(0%); LocalBusiness(0%); Service(0%); BreadcrumbList(0%),0/9,3/9,3,"garage | woodinville, | services | repair | installation",Add FAQPage schema — 0% competitors have it,2026-03-25T01:05:58.070Z
"Cable and Roller Repair in Woodinville, WA",7,937,615,0,0,0,0,FAQPage(0%); LocalBusiness(0%); Service(0%); BreadcrumbList(0%),0/7,0/7,3,"garage | repair | woodinville, | installation | opener",Add exact keyword to H1,2026-03-25T01:06:11.718Z
"Garage Door Sensor Repair in Woodinville, WA",8,949,949,0,0,0,0,FAQPage(0%); LocalBusiness(0%); Service(0%); BreadcrumbList(0%),0/8,2/8,3,"garage | repair | woodinville, | (425) | 880-2927",Add FAQPage schema — 0% competitors have it,2026-03-25T01:06:26.785Z
"Smart Garage Door Opener Installation in Woodinville, WA",9,1546,949,0,0,0,0,FAQPage(0%); LocalBusiness(0%); Service(0%); BreadcrumbList(0%),0/9,0/9,4,garage | opener | openers | smart | woodinville,Add exact keyword to H1,2026-03-25T01:06:42.502Z
"Residential Garage Door Service in Woodinville, WA",8,899,787,0,0,0,0,FAQPage(0%); LocalBusiness(0%); Service(0%); BreadcrumbList(0%),0/8,0/8,3,garage | doors | woodinville | (425) | 880-2927,Add exact keyword to H1,2026-03-25T01:06:55.244Z
"Commercial Garage Door Repair in Woodinville, WA",9,1016,949,0,0,0,0,FAQPage(0%); LocalBusiness(0%); Service(0%); BreadcrumbList(0%),0/9,0/9,5,garage | doors | woodinville | commercial | installation,Add exact keyword to H1,2026-03-25T01:07:08.435Z
"Garage Door Repair in Seattle, WA",9,569,551,0,0,0,0,FAQPage(0%); LocalBusiness(0%); Service(0%); BreadcrumbList(0%),0/9,1/9,5,garage | seattle | commercial | choose | service,Add FAQPage schema — 0% competitors have it,2026-03-25T01:07:23.900Z
"Garage Door Installation in Seattle, WA",9,944,743,0,0,0,0,FAQPage(0%); LocalBusiness(0%); Service(0%); BreadcrumbList(0%),0/9,3/9,6,garage | doors | seattle | commercial | choose,Add FAQPage schema — 0% competitors have it,2026-03-25T01:07:38.289Z
"Garage Door Replacement in Seattle, WA",9,782,730,0,0,0,0,FAQPage(0%); LocalBusiness(0%); Service(0%); BreadcrumbList(0%),0/9,1/9,4,garage | seattle | installation | repair | company,Add FAQPage schema — 0% competitors have it,2026-03-25T01:07:52.726Z
"Garage Door Opener Repair in Seattle, WA",8,334,255,0,0,0,0,FAQPage(0%); LocalBusiness(0%); Service(0%); BreadcrumbList(0%),0/8,0/8,3,garage | doors | repair | choose | service,Add exact keyword to H1,2026-03-25T01:08:05.583Z
"Garage Door Opener Installation in Seattle, WA",9,482,551,0,0,0,0,FAQPage(0%); LocalBusiness(0%); Service(0%); BreadcrumbList(0%),0/9,1/9,4,garage | seattle | doors | installation | services,Add FAQPage schema — 0% competitors have it,2026-03-25T01:08:20.635Z
"Garage Door Spring Repair and Replacement in Seattle, WA",9,606,341,0,0,0,0,FAQPage(0%); LocalBusiness(0%); Service(0%); BreadcrumbList(0%),0/9,1/9,2,repair | garage | seattle | services | spring,Add FAQPage schema — 0% competitors have it,2026-03-25T01:08:36.644Z
"Emergency Garage Door Service in Seattle, WA",10,595,529,0,0,0,0,FAQPage(0%); LocalBusiness(0%); Service(0%); BreadcrumbList(0%),0/10,2/10,4,garage | services | repair | installation | commercial,Add FAQPage schema — 0% competitors have it,2026-03-25T01:08:57.228Z
"Garage Door Maintenance and Tune-Up in Seattle, WA",9,712,551,0,0,0,0,FAQPage(0%); LocalBusiness(0%); Service(0%); BreadcrumbList(0%),0/9,0/9,3,garage | commercial | repair | choose | service,Add exact keyword to H1,2026-03-25T01:09:10.839Z
"Off-Track Garage Door Repair in Seattle, WA",10,836,557,0,0,0,0,FAQPage(0%); LocalBusiness(0%); Service(0%); BreadcrumbList(0%),0/10,1/10,5,garage | repair | off-track | track | service,Add FAQPage schema — 0% competitors have it,2026-03-25T01:09:25.706Z
"Cable and Roller Repair in Seattle, WA",9,650,304,0,0,0,0,FAQPage(0%); LocalBusiness(0%); Service(0%); BreadcrumbList(0%),0/9,1/9,3,garage | seattle | repair | services | cable,Add FAQPage schema — 0% competitors have it,2026-03-25T01:09:39.901Z
"Garage Door Panel Replacement in Seattle, WA",10,513,620,0,0,0,0,FAQPage(0%); LocalBusiness(0%); Service(0%); BreadcrumbList(0%),0/10,1/10,3,garage | doors | repair | services | residential,Add FAQPage schema — 0% competitors have it,2026-03-25T01:09:54.525Z
"Residential Garage Door Service in Seattle, WA",9,1037,1093,0,0,0,0,FAQPage(0%); LocalBusiness(0%); Service(0%); BreadcrumbList(0%),0/9,1/9,6,garage | seattle | doors | services | residential,Add FAQPage schema — 0% competitors have it,2026-03-25T01:10:09.159Z
"Commercial Garage Door Repair in Seattle, WA",10,860,1042,0,0,0,0,FAQPage(0%); LocalBusiness(0%); Service(0%); BreadcrumbList(0%),0/10,2/10,5,garage | seattle | commercial | installation | services,Add FAQPage schema — 0% competitors have it,2026-03-25T01:10:21.611Z
"Garage Door Repair in Kenmore, WA",6,772,901,0,0,0,0,FAQPage(0%); LocalBusiness(0%); Service(0%); BreadcrumbList(0%),0/6,1/6,3,garage | repair | kenmore | services | company,Add FAQPage schema — 0% competitors have it,2026-03-25T01:10:36.692Z
"Garage Door Installation in Kenmore, WA",8,702,901,0,0,0,0,FAQPage(0%); LocalBusiness(0%); Service(0%); BreadcrumbList(0%),0/8,1/8,3,garage | services | doors | repair | kenmore,Add FAQPage schema — 0% competitors have it,2026-03-25T01:10:48.934Z
"Garage Door Replacement in Kenmore, WA",8,592,647,0,0,0,0,FAQPage(0%); LocalBusiness(0%); Service(0%); BreadcrumbList(0%),0/8,0/8,2,garage | repair | kenmore | services | company,Add exact keyword to H1,2026-03-25T01:11:02.198Z
"Garage Door Opener Repair in Kenmore, WA",7,710,647,0,0,0,0,FAQPage(0%); LocalBusiness(0%); Service(0%); BreadcrumbList(0%),0/7,1/7,3,garage | repair | kenmore | services | company,Add FAQPage schema — 0% competitors have it,2026-03-25T01:11:16.688Z
"Garage Door Opener Installation in Kenmore, WA",7,717,647,0,0,0,0,FAQPage(0%); LocalBusiness(0%); Service(0%); BreadcrumbList(0%),0/7,1/7,2,"garage | kenmore | repair | installation | kenmore,",Add FAQPage schema — 0% competitors have it,2026-03-25T01:11:29.725Z
"Garage Door Spring Repair and Replacement in Kenmore, WA",9,555,499,0,0,0,0,FAQPage(0%); LocalBusiness(0%); Service(0%); BreadcrumbList(0%),0/9,3/9,3,"garage | services | kenmore, | repair | (425)",Add FAQPage schema — 0% competitors have it,2026-03-25T01:11:44.339Z
"Emergency Garage Door Service in Kenmore, WA",9,809,657,0,0,0,0,FAQPage(0%); LocalBusiness(0%); Service(0%); BreadcrumbList(0%),0/9,2/9,4,garage | repair | services | kenmore | broken,Add FAQPage schema — 0% competitors have it,2026-03-25T01:12:00.355Z
"Garage Door Maintenance and Tune-Up in Kenmore, WA",8,763,901,0,0,0,0,FAQPage(0%); LocalBusiness(0%); Service(0%); BreadcrumbList(0%),0/8,0/8,4,"garage | kenmore, | services | repair | kenmore",Add exact keyword to H1,2026-03-25T01:12:12.796Z
"Off-Track Garage Door Repair in Kenmore, WA",10,621,647,0,0,0,0,FAQPage(0%); LocalBusiness(0%); Service(0%); BreadcrumbList(0%),0/10,1/10,5,"garage | repair | kenmore, | services | off-track",Add FAQPage schema — 0% competitors have it,2026-03-25T01:12:25.563Z
"Cable and Roller Repair in Kenmore, WA",9,882,647,0,0,0,0,FAQPage(0%); LocalBusiness(0%); Service(0%); BreadcrumbList(0%),0/9,0/9,4,"garage | repair | kenmore | services | kenmore,",Add exact keyword to H1,2026-03-25T01:12:35.927Z
"Garage Door Sensor Repair in Kenmore, WA",9,821,901,0,0,0,0,FAQPage(0%); LocalBusiness(0%); Service(0%); BreadcrumbList(0%),0/9,1/9,3,"garage | kenmore | services | repair | kenmore,",Add FAQPage schema — 0% competitors have it,2026-03-25T01:12:49.367Z
"Smart Garage Door Opener Installation in Kenmore, WA",8,1048,1277,0,0,0,0,FAQPage(0%); LocalBusiness(0%); Service(0%); BreadcrumbList(0%),0/8,1/8,5,"garage | kenmore, | repair | kenmore | services",Add FAQPage schema — 0% competitors have it,2026-03-25T01:13:03.092Z
"Residential Garage Door Service in Kenmore, WA",8,634,647,0,0,0,0,FAQPage(0%); LocalBusiness(0%); Service(0%); BreadcrumbList(0%),0/8,0/8,3,"garage | repair | kenmore, | services | kenmore",Add exact keyword to H1,2026-03-25T01:13:16.071Z
"Commercial Garage Door Repair in Kenmore, WA",10,590,633,0,0,0,0,FAQPage(0%); LocalBusiness(0%); Service(0%); BreadcrumbList(0%),0/10,2/10,3,"garage | kenmore, | services | kenmore | installation",Add FAQPage schema — 0% competitors have it,2026-03-25T01:13:30.132Z
"Garage Door Repair in Sammamish, WA",10,1142,1230,0,0,0,0,FAQPage(0%); LocalBusiness(0%); Service(0%); BreadcrumbList(0%),0/10,4/10,4,garage | repair | sammamish | service | installation,Add FAQPage schema — 0% competitors have it,2026-03-25T01:13:43.837Z
"Garage Door Installation in Sammamish, WA",9,1109,648,0,0,0,0,FAQPage(0%); LocalBusiness(0%); Service(0%); BreadcrumbList(0%),0/9,1/9,5,garage | repair | sammamish | service | installation,Add FAQPage schema — 0% competitors have it,2026-03-25T01:13:57.494Z
"Garage Door Replacement in Sammamish, WA",9,1037,563,0,0,0,0,FAQPage(0%); LocalBusiness(0%); Service(0%); BreadcrumbList(0%),0/9,0/9,5,garage | repair | installation | service | sammamish,Add exact keyword to H1,2026-03-25T01:14:10.708Z
"Garage Door Opener Repair in Sammamish, WA",9,914,563,0,0,0,0,FAQPage(0%); LocalBusiness(0%); Service(0%); BreadcrumbList(0%),0/9,1/9,4,garage | repair | service | sammamish | installation,Add FAQPage schema — 0% competitors have it,2026-03-25T01:14:27.964Z
"Garage Door Opener Installation in Sammamish, WA",10,1029,949,0,0,0,0,FAQPage(0%); LocalBusiness(0%); Service(0%); BreadcrumbList(0%),0/10,0/10,4,garage | repair | service | installation | sammamish,Add exact keyword to H1,2026-03-25T01:14:41.619Z
"Garage Door Spring Repair and Replacement in Sammamish, WA",7,1170,1153,0,0,0,0,FAQPage(0%); LocalBusiness(0%); Service(0%); BreadcrumbList(0%),0/7,1/7,4,garage | repair | installation | sammamish | broken,Add FAQPage schema — 0% competitors have it,2026-03-25T01:14:55.936Z
"Emergency Garage Door Service in Sammamish, WA",10,1390,1451,0,0,0,0,FAQPage(0%); LocalBusiness(0%); Service(0%); BreadcrumbList(0%),0/10,2/10,6,garage | repair | sammamish | services | emergency,Add FAQPage schema — 0% competitors have it,2026-03-25T01:15:11.041Z
"Garage Door Maintenance and Tune-Up in Sammamish, WA",9,1210,1230,0,0,0,0,FAQPage(0%); LocalBusiness(0%); Service(0%); BreadcrumbList(0%),0/9,2/9,4,garage | installation | sammamish | maintenance | repair,Add FAQPage schema — 0% competitors have it,2026-03-25T01:15:23.111Z
"Off-Track Garage Door Repair in Sammamish, WA",9,897,539,0,0,0,0,FAQPage(0%); LocalBusiness(0%); Service(0%); BreadcrumbList(0%),0/9,0/9,4,"garage | repair | installation | service | sammamish,",Add exact keyword to H1,2026-03-25T01:15:36.421Z
"Cable and Roller Repair in Sammamish, WA",8,1162,1230,0,0,0,0,FAQPage(0%); LocalBusiness(0%); Service(0%); BreadcrumbList(0%),0/8,0/8,4,garage | repair | sammamish | services | installation,Add exact keyword to H1,2026-03-25T01:15:48.975Z
"Garage Door Sensor Repair in Sammamish, WA",9,1232,1121,0,0,0,0,FAQPage(0%); LocalBusiness(0%); Service(0%); BreadcrumbList(0%),0/9,2/9,7,garage | repair | sammamish | installation | services,Add FAQPage schema — 0% competitors have it,2026-03-25T01:16:05.707Z
"Smart Garage Door Opener Installation in Sammamish, WA",9,1013,563,0,0,0,0,FAQPage(0%); LocalBusiness(0%); Service(0%); BreadcrumbList(0%),0/9,2/9,6,garage | service | repair | services | installation,Add FAQPage schema — 0% competitors have it,2026-03-25T01:16:19.205Z
"Residential Garage Door Service in Sammamish, WA",9,1152,648,0,0,0,0,FAQPage(0%); LocalBusiness(0%); Service(0%); BreadcrumbList(0%),0/9,2/9,5,garage | repair | sammamish | service | installation,Add FAQPage schema — 0% competitors have it,2026-03-25T01:16:30.512Z
"Commercial Garage Door Repair in Sammamish, WA",9,1163,994,0,0,0,0,FAQPage(0%); LocalBusiness(0%); Service(0%); BreadcrumbList(0%),1/9,2/9,5,garage | repair | service | sammamish | installation,Add FAQPage schema — 0% competitors have it,2026-03-25T01:16:44.003Z
"Garage Door Repair in Issaquah, WA",10,1341,1092,0,0,0,0,FAQPage(0%); LocalBusiness(0%); Service(0%); BreadcrumbList(0%),0/10,4/10,5,garage | repair | issaquah | installation | service,Add FAQPage schema — 0% competitors have it,2026-03-25T01:17:00.023Z
"Garage Door Installation in Issaquah, WA",9,1002,949,0,0,0,0,FAQPage(0%); LocalBusiness(0%); Service(0%); BreadcrumbList(0%),0/9,1/9,3,garage | repair | issaquah | service | installation,Add FAQPage schema — 0% competitors have it,2026-03-25T01:17:17.928Z
"Garage Door Replacement in Issaquah, WA",9,1401,1092,0,0,0,0,FAQPage(0%); LocalBusiness(0%); Service(0%); BreadcrumbList(0%),0/9,0/9,5,garage | issaquah | repair | installation | replacement,Add exact keyword to H1,2026-03-25T01:17:33.525Z
"Garage Door Opener Repair in Issaquah, WA",9,1018,905,0,0,0,0,FAQPage(0%); LocalBusiness(0%); Service(0%); BreadcrumbList(0%),0/9,2/9,5,garage | issaquah | repair | service | installation,Add FAQPage schema — 0% competitors have it,2026-03-25T01:17:46.750Z
"Garage Door Opener Installation in Issaquah, WA",8,852,1092,0,0,0,0,FAQPage(0%); LocalBusiness(0%); Service(0%); BreadcrumbList(0%),0/8,1/8,3,garage | issaquah | installation | repair | service,Add FAQPage schema — 0% competitors have it,2026-03-25T01:17:59.621Z
"Garage Door Spring Repair and Replacement in Issaquah, WA",8,1466,1153,0,0,0,0,FAQPage(0%); LocalBusiness(0%); Service(0%); BreadcrumbList(0%),0/8,1/8,7,garage | repair | service | issaquah | services,Add FAQPage schema — 0% competitors have it,2026-03-25T01:18:14.933Z
"Emergency Garage Door Service in Issaquah, WA",9,1187,1092,0,0,0,0,FAQPage(0%); LocalBusiness(0%); Service(0%); BreadcrumbList(0%),0/9,3/9,6,garage | issaquah | repair | services | repairs,Add FAQPage schema — 0% competitors have it,2026-03-25T01:18:27.835Z
"Garage Door Maintenance and Tune-Up in Issaquah, WA",10,1442,1092,0,0,0,0,FAQPage(0%); LocalBusiness(0%); Service(0%); BreadcrumbList(0%),0/10,0/10,5,garage | repair | issaquah | installation | service,Add exact keyword to H1,2026-03-25T01:18:40.950Z
"Off-Track Garage Door Repair in Issaquah, WA",9,1252,698,0,0,0,0,FAQPage(0%); LocalBusiness(0%); Service(0%); BreadcrumbList(0%),0/9,0/9,6,garage | repair | service | installation | services,Add exact keyword to H1,2026-03-25T01:18:53.787Z
"Cable and Roller Repair in Issaquah, WA",9,1345,698,0,0,0,0,FAQPage(0%); LocalBusiness(0%); Service(0%); BreadcrumbList(0%),0/9,0/9,6,"garage | repair | services | issaquah, | installation",Add exact keyword to H1,2026-03-25T01:19:09.112Z
"Garage Door Sensor Repair in Issaquah, WA",8,1751,1626,0,0,0,0,FAQPage(0%); LocalBusiness(0%); Service(0%); BreadcrumbList(0%),0/8,0/8,7,garage | repair | issaquah | installation | maintenance,Add exact keyword to H1,2026-03-25T01:19:24.175Z
"Smart Garage Door Opener Installation in Issaquah, WA",6,2196,2112,0,0,0,0,FAQPage(0%); LocalBusiness(0%); Service(0%); BreadcrumbList(0%),0/6,1/6,5,garage | installation | repair | professional | issaquah,Add FAQPage schema — 0% competitors have it,2026-03-25T01:19:36.904Z
"Residential Garage Door Service in Issaquah, WA",10,1489,1330,0,0,0,0,FAQPage(0%); LocalBusiness(0%); Service(0%); BreadcrumbList(0%),0/10,2/10,5,garage | issaquah | repair | service | installation,Add FAQPage schema — 0% competitors have it,2026-03-25T01:19:52.057Z
"Commercial Garage Door Repair in Issaquah, WA",9,1524,1330,0,0,0,0,FAQPage(0%); LocalBusiness(0%); Service(0%); BreadcrumbList(0%),0/9,2/9,5,garage | issaquah | repair | replacement | installation,Add FAQPage schema — 0% competitors have it,2026-03-25T01:20:07.097Z
"Garage Door Repair in Renton, WA",9,1336,997,0,0,0,0,FAQPage(0%); LocalBusiness(0%); Service(0%); BreadcrumbList(0%),0/9,2/9,7,garage | repair | renton | installation | doors,Add FAQPage schema — 0% competitors have it,2026-03-25T01:20:21.913Z
"Garage Door Installation in Renton, WA",10,1471,1302,0,0,0,0,FAQPage(0%); LocalBusiness(0%); Service(0%); BreadcrumbList(0%),0/10,2/10,7,garage | renton | repair | services | professional,Add FAQPage schema — 0% competitors have it,2026-03-25T01:20:35.473Z
"Garage Door Replacement in Renton, WA",10,1560,1302,0,0,0,0,FAQPage(0%); LocalBusiness(0%); Service(0%); BreadcrumbList(0%),0/10,2/10,8,garage | renton | repair | doors | services,Add FAQPage schema — 0% competitors have it,2026-03-25T01:20:50.170Z
"Garage Door Opener Repair in Renton, WA",10,1471,1302,0,0,0,0,FAQPage(0%); LocalBusiness(0%); Service(0%); BreadcrumbList(0%),0/10,1/10,7,garage | renton | repair | services | professional,Add FAQPage schema — 0% competitors have it,2026-03-25T01:21:03.636Z
"Garage Door Opener Installation in Renton, WA",8,1179,1412,0,0,0,0,FAQPage(0%); LocalBusiness(0%); Service(0%); BreadcrumbList(0%),0/8,0/8,5,"garage | renton | repair | renton, | choose",Add exact keyword to H1,2026-03-25T01:21:18.959Z
"Garage Door Spring Repair and Replacement in Renton, WA",9,1285,800,0,0,0,0,FAQPage(0%); LocalBusiness(0%); Service(0%); BreadcrumbList(0%),0/9,2/9,6,garage | renton | repair | services | doors,Add FAQPage schema — 0% competitors have it,2026-03-25T01:21:32.882Z
"Emergency Garage Door Service in Renton, WA",10,1745,1302,0,0,0,0,FAQPage(0%); LocalBusiness(0%); Service(0%); BreadcrumbList(0%),0/10,4/10,8,garage | renton | repair | services | service,Add FAQPage schema — 0% competitors have it,2026-03-25T01:21:47.877Z
"Garage Door Maintenance and Tune-Up in Renton, WA",10,1660,1302,0,0,0,0,FAQPage(0%); LocalBusiness(0%); Service(0%); BreadcrumbList(0%),0/10,0/10,8,garage | renton | repair | installation | doors,Add exact keyword to H1,2026-03-25T01:22:02.011Z
"Off-Track Garage Door Repair in Renton, WA",10,1488,1043,0,0,0,0,FAQPage(0%); LocalBusiness(0%); Service(0%); BreadcrumbList(0%),0/10,1/10,7,garage | renton | repair | doors | services,Add FAQPage schema — 0% competitors have it,2026-03-25T01:22:15.429Z
"Cable and Roller Repair in Renton, WA",8,1003,524,0,0,0,0,FAQPage(0%); LocalBusiness(0%); Service(0%); BreadcrumbList(0%),0/8,0/8,6,garage | repair | cable | replacement | cables,Add exact keyword to H1,2026-03-25T01:22:28.811Z
"Garage Door Sensor Repair in Renton, WA",9,1775,1505,0,0,0,0,FAQPage(0%); LocalBusiness(0%); Service(0%); BreadcrumbList(0%),0/9,1/9,8,garage | renton | repair | services | contact,Add FAQPage schema — 0% competitors have it,2026-03-25T01:22:42.118Z
"Smart Garage Door Opener Installation in Renton, WA",8,1602,1412,0,0,0,0,FAQPage(0%); LocalBusiness(0%); Service(0%); BreadcrumbList(0%),0/8,5/8,7,garage | renton | repair | neighbors | seattle,Add FAQPage schema — 0% competitors have it,2026-03-25T01:22:56.841Z
"Residential Garage Door Service in Renton, WA",10,1531,1302,0,0,0,0,FAQPage(0%); LocalBusiness(0%); Service(0%); BreadcrumbList(0%),0/10,0/10,6,garage | renton | repair | services | professional,Add exact keyword to H1,2026-03-25T01:23:10.474Z
